Size,Time
200,0.197852
400,1.150610
800,12.941000
1200,30.245900
1600,76.381400
2000,161.195000
